{
    "status": "SUCCESS",
    "result": [{
        "name": "Bangladesh",
        "phoneCode": "880"
    }, {
        "name": "Belgium",
        "phoneCode": "32"
    }, {
        "name": "Burkina Faso",
        "phoneCode": "226"
    }, {
        "name": "Bulgaria",
        "phoneCode": "359"
    }, {
        "name": "Bosnia and Herzegovina",
        "phoneCode": "387"
    }, {
        "name": "Barbados",
        "phoneCode": "+1-246"
    }, {
        "name": "Wallis and Futuna",
        "phoneCode": "681"
    }, {
        "name": "Saint Barthelemy",
        "phoneCode": "590"
    }, {
        "name": "Bermuda",
        "phoneCode": "+1-441"
    }, {
        "name": "Brunei",
        "phoneCode": "673"
    }, {
        "name": "Bolivia",
        "phoneCode": "591"
    }, {
        "name": "Bahrain",
        "phoneCode": "973"
    }, {
        "name": "Burundi",
        "phoneCode": "257"
    }, {
        "name": "Benin",
        "phoneCode": "229"
    }, {
        "name": "Bhutan",
        "phoneCode": "975"
    }, {
        "name": "Jamaica",
        "phoneCode": "+1-876"
    }, {
        "name": "Bouvet Island",
        "phoneCode": ""
    }, {
        "name": "Botswana",
        "phoneCode": "267"
    }, {
        "name": "Samoa",
        "phoneCode": "685"
    }, {
        "name": "Bonaire, Saint Eustatius and Saba ",
        "phoneCode": "599"
    }, {
        "name": "Brazil",
        "phoneCode": "55"
    }, {
        "name": "Bahamas",
        "phoneCode": "+1-242"
    }, {
        "name": "Jersey",
        "phoneCode": "+44-1534"
    }, {
        "name": "Belarus",
        "phoneCode": "375"
    }, {
        "name": "Belize",
        "phoneCode": "501"
    }, {
        "name": "Russia",
        "phoneCode": "7"
    }, {
        "name": "Rwanda",
        "phoneCode": "250"
    }, {
        "name": "Serbia",
        "phoneCode": "381"
    }, {
        "name": "East Timor",
        "phoneCode": "670"
    }, {
        "name": "Reunion",
        "phoneCode": "262"
    }, {
        "name": "Turkmenistan",
        "phoneCode": "993"
    }, {
        "name": "Tajikistan",
        "phoneCode": "992"
    }, {
        "name": "Romania",
        "phoneCode": "40"
    }, {
        "name": "Tokelau",
        "phoneCode": "690"
    }, {
        "name": "Guinea-Bissau",
        "phoneCode": "245"
    }, {
        "name": "Guam",
        "phoneCode": "+1-671"
    }, {
        "name": "Guatemala",
        "phoneCode": "502"
    }, {
        "name": "South Georgia and the South Sandwich Islands",
        "phoneCode": ""
    }, {
        "name": "Greece",
        "phoneCode": "30"
    }, {
        "name": "Equatorial Guinea",
        "phoneCode": "240"
    }, {
        "name": "Guadeloupe",
        "phoneCode": "590"
    }, {
        "name": "Japan",
        "phoneCode": "81"
    }, {
        "name": "Guyana",
        "phoneCode": "592"
    }, {
        "name": "Guernsey",
        "phoneCode": "+44-1481"
    }, {
        "name": "French Guiana",
        "phoneCode": "594"
    }, {
        "name": "Georgia",
        "phoneCode": "995"
    }, {
        "name": "Grenada",
        "phoneCode": "+1-473"
    }, {
        "name": "United Kingdom",
        "phoneCode": "44"
    }, {
        "name": "Gabon",
        "phoneCode": "241"
    }, {
        "name": "El Salvador",
        "phoneCode": "503"
    }, {
        "name": "Guinea",
        "phoneCode": "224"
    }, {
        "name": "Gambia",
        "phoneCode": "220"
    }, {
        "name": "Greenland",
        "phoneCode": "299"
    }, {
        "name": "Gibraltar",
        "phoneCode": "350"
    }, {
        "name": "Ghana",
        "phoneCode": "233"
    }, {
        "name": "Oman",
        "phoneCode": "968"
    }, {
        "name": "Tunisia",
        "phoneCode": "216"
    }, {
        "name": "Jordan",
        "phoneCode": "962"
    }, {
        "name": "Croatia",
        "phoneCode": "385"
    }, {
        "name": "Haiti",
        "phoneCode": "509"
    }, {
        "name": "Hungary",
        "phoneCode": "36"
    }, {
        "name": "Hong Kong",
        "phoneCode": "852"
    }, {
        "name": "Honduras",
        "phoneCode": "504"
    }, {
        "name": "Heard Island and McDonald Islands",
        "phoneCode": " "
    }, {
        "name": "Venezuela",
        "phoneCode": "58"
    }, {
        "name": "Puerto Rico",
        "phoneCode": "+1-787 and 1-939"
    }, {
        "name": "Palestinian Territory",
        "phoneCode": "970"
    }, {
        "name": "Palau",
        "phoneCode": "680"
    }, {
        "name": "Portugal",
        "phoneCode": "351"
    }, {
        "name": "Svalbard and Jan Mayen",
        "phoneCode": "47"
    }, {
        "name": "Paraguay",
        "phoneCode": "595"
    }, {
        "name": "Iraq",
        "phoneCode": "964"
    }, {
        "name": "Panama",
        "phoneCode": "507"
    }, {
        "name": "French Polynesia",
        "phoneCode": "689"
    }, {
        "name": "Papua New Guinea",
        "phoneCode": "675"
    }, {
        "name": "Peru",
        "phoneCode": "51"
    }, {
        "name": "Pakistan",
        "phoneCode": "92"
    }, {
        "name": "Philippines",
        "phoneCode": "63"
    }, {
        "name": "Pitcairn",
        "phoneCode": "870"
    }, {
        "name": "Poland",
        "phoneCode": "48"
    }, {
        "name": "Saint Pierre and Miquelon",
        "phoneCode": "508"
    }, {
        "name": "Zambia",
        "phoneCode": "260"
    }, {
        "name": "Western Sahara",
        "phoneCode": "212"
    }, {
        "name": "Estonia",
        "phoneCode": "372"
    }, {
        "name": "Egypt",
        "phoneCode": "20"
    }, {
        "name": "South Africa",
        "phoneCode": "27"
    }, {
        "name": "Ecuador",
        "phoneCode": "593"
    }, {
        "name": "Italy",
        "phoneCode": "39"
    }, {
        "name": "Vietnam",
        "phoneCode": "84"
    }, {
        "name": "Solomon Islands",
        "phoneCode": "677"
    }, {
        "name": "Ethiopia",
        "phoneCode": "251"
    }, {
        "name": "Somalia",
        "phoneCode": "252"
    }, {
        "name": "Zimbabwe",
        "phoneCode": "263"
    }, {
        "name": "Saudi Arabia",
        "phoneCode": "966"
    }, {
        "name": "Spain",
        "phoneCode": "34"
    }, {
        "name": "Eritrea",
        "phoneCode": "291"
    }, {
        "name": "Montenegro",
        "phoneCode": "382"
    }, {
        "name": "Moldova",
        "phoneCode": "373"
    }, {
        "name": "Madagascar",
        "phoneCode": "261"
    }, {
        "name": "Saint Martin",
        "phoneCode": "590"
    }, {
        "name": "Morocco",
        "phoneCode": "212"
    }, {
        "name": "Monaco",
        "phoneCode": "377"
    }, {
        "name": "Uzbekistan",
        "phoneCode": "998"
    }, {
        "name": "Myanmar",
        "phoneCode": "95"
    }, {
        "name": "Mali",
        "phoneCode": "223"
    }, {
        "name": "Macao",
        "phoneCode": "853"
    }, {
        "name": "Mongolia",
        "phoneCode": "976"
    }, {
        "name": "Marshall Islands",
        "phoneCode": "692"
    }, {
        "name": "Macedonia",
        "phoneCode": "389"
    }, {
        "name": "Mauritius",
        "phoneCode": "230"
    }, {
        "name": "Malta",
        "phoneCode": "356"
    }, {
        "name": "Malawi",
        "phoneCode": "265"
    }, {
        "name": "Maldives",
        "phoneCode": "960"
    }, {
        "name": "Martinique",
        "phoneCode": "596"
    }, {
        "name": "Northern Mariana Islands",
        "phoneCode": "+1-670"
    }, {
        "name": "Montserrat",
        "phoneCode": "+1-664"
    }, {
        "name": "Mauritania",
        "phoneCode": "222"
    }, {
        "name": "Isle of Man",
        "phoneCode": "+44-1624"
    }, {
        "name": "Uganda",
        "phoneCode": "256"
    }, {
        "name": "Tanzania",
        "phoneCode": "255"
    }, {
        "name": "Malaysia",
        "phoneCode": "60"
    }, {
        "name": "Mexico",
        "phoneCode": "52"
    }, {
        "name": "Israel",
        "phoneCode": "972"
    }, {
        "name": "France",
        "phoneCode": "33"
    }, {
        "name": "British Indian Ocean Territory",
        "phoneCode": "246"
    }, {
        "name": "Saint Helena",
        "phoneCode": "290"
    }, {
        "name": "Finland",
        "phoneCode": "358"
    }, {
        "name": "Fiji",
        "phoneCode": "679"
    }, {
        "name": "Falkland Islands",
        "phoneCode": "500"
    }, {
        "name": "Micronesia",
        "phoneCode": "691"
    }, {
        "name": "Faroe Islands",
        "phoneCode": "298"
    }, {
        "name": "Nicaragua",
        "phoneCode": "505"
    }, {
        "name": "Netherlands",
        "phoneCode": "31"
    }, {
        "name": "Norway",
        "phoneCode": "47"
    }, {
        "name": "Namibia",
        "phoneCode": "264"
    }, {
        "name": "Vanuatu",
        "phoneCode": "678"
    }, {
        "name": "New Caledonia",
        "phoneCode": "687"
    }, {
        "name": "Niger",
        "phoneCode": "227"
    }, {
        "name": "Norfolk Island",
        "phoneCode": "672"
    }, {
        "name": "Nigeria",
        "phoneCode": "234"
    }, {
        "name": "New Zealand",
        "phoneCode": "64"
    }, {
        "name": "Nepal",
        "phoneCode": "977"
    }, {
        "name": "Nauru",
        "phoneCode": "674"
    }, {
        "name": "Niue",
        "phoneCode": "683"
    }, {
        "name": "Cook Islands",
        "phoneCode": "682"
    }, {
        "name": "Kosovo",
        "phoneCode": ""
    }, {
        "name": "Ivory Coast",
        "phoneCode": "225"
    }, {
        "name": "Switzerland",
        "phoneCode": "41"
    }, {
        "name": "Colombia",
        "phoneCode": "57"
    }, {
        "name": "China",
        "phoneCode": "86"
    }, {
        "name": "Cameroon",
        "phoneCode": "237"
    }, {
        "name": "Chile",
        "phoneCode": "56"
    }, {
        "name": "Cocos Islands",
        "phoneCode": "61"
    }, {
        "name": "Canada",
        "phoneCode": "1"
    }, {
        "name": "Republic of the Congo",
        "phoneCode": "242"
    }, {
        "name": "Central African Republic",
        "phoneCode": "236"
    }, {
        "name": "Democratic Republic of the Congo",
        "phoneCode": "243"
    }, {
        "name": "Czech Republic",
        "phoneCode": "420"
    }, {
        "name": "Cyprus",
        "phoneCode": "357"
    }, {
        "name": "Christmas Island",
        "phoneCode": "61"
    }, {
        "name": "Costa Rica",
        "phoneCode": "506"
    }, {
        "name": "Curacao",
        "phoneCode": "599"
    }, {
        "name": "Cape Verde",
        "phoneCode": "238"
    }, {
        "name": "Cuba",
        "phoneCode": "53"
    }, {
        "name": "Swaziland",
        "phoneCode": "268"
    }, {
        "name": "Syria",
        "phoneCode": "963"
    }, {
        "name": "Sint Maarten",
        "phoneCode": "599"
    }, {
        "name": "Kyrgyzstan",
        "phoneCode": "996"
    }, {
        "name": "Kenya",
        "phoneCode": "254"
    }, {
        "name": "South Sudan",
        "phoneCode": "211"
    }, {
        "name": "Suri",
        "phoneCode": "597"
    }, {
        "name": "Kiribati",
        "phoneCode": "686"
    }, {
        "name": "Cambodia",
        "phoneCode": "855"
    }, {
        "name": "Saint Kitts and Nevis",
        "phoneCode": "+1-869"
    }, {
        "name": "Comoros",
        "phoneCode": "269"
    }, {
        "name": "Sao Tome and Principe",
        "phoneCode": "239"
    }, {
        "name": "Slovakia",
        "phoneCode": "421"
    }, {
        "name": "South Korea",
        "phoneCode": "82"
    }, {
        "name": "Slovenia",
        "phoneCode": "386"
    }, {
        "name": "North Korea",
        "phoneCode": "850"
    }, {
        "name": "Kuwait",
        "phoneCode": "965"
    }, {
        "name": "Senegal",
        "phoneCode": "221"
    }, {
        "name": "San Marino",
        "phoneCode": "378"
    }, {
        "name": "Sierra Leone",
        "phoneCode": "232"
    }, {
        "name": "Seychelles",
        "phoneCode": "248"
    }, {
        "name": "Kazakhstan",
        "phoneCode": "7"
    }, {
        "name": "Cayman Islands",
        "phoneCode": "+1-345"
    }, {
        "name": "Singapore",
        "phoneCode": "65"
    }, {
        "name": "Sweden",
        "phoneCode": "46"
    }, {
        "name": "Sudan",
        "phoneCode": "249"
    }, {
        "name": "Dominican Republic",
        "phoneCode": "+1-809 and 1-829"
    }, {
        "name": "Dominica",
        "phoneCode": "+1-767"
    }, {
        "name": "Djibouti",
        "phoneCode": "253"
    }, {
        "name": "Denmark",
        "phoneCode": "45"
    }, {
        "name": "British Virgin Islands",
        "phoneCode": "+1-284"
    }, {
        "name": "Germany",
        "phoneCode": "49"
    }, {
        "name": "Yemen",
        "phoneCode": "967"
    }, {
        "name": "Algeria",
        "phoneCode": "213"
    }, {
        "name": "United States",
        "phoneCode": "1"
    }, {
        "name": "Uruguay",
        "phoneCode": "598"
    }, {
        "name": "Mayotte",
        "phoneCode": "262"
    }, {
        "name": "United States Minor Outlying Islands",
        "phoneCode": "1"
    }, {
        "name": "Lebanon",
        "phoneCode": "961"
    }, {
        "name": "Saint Lucia",
        "phoneCode": "+1-758"
    }, {
        "name": "Laos",
        "phoneCode": "856"
    }, {
        "name": "Tuvalu",
        "phoneCode": "688"
    }, {
        "name": "Taiwan",
        "phoneCode": "886"
    }, {
        "name": "Trinidad and Tobago",
        "phoneCode": "+1-868"
    }, {
        "name": "Turkey",
        "phoneCode": "90"
    }, {
        "name": "Sri Lanka",
        "phoneCode": "94"
    }, {
        "name": "Liechtenstein",
        "phoneCode": "423"
    }, {
        "name": "Latvia",
        "phoneCode": "371"
    }, {
        "name": "Tonga",
        "phoneCode": "676"
    }, {
        "name": "Lithuania",
        "phoneCode": "370"
    }, {
        "name": "Luxembourg",
        "phoneCode": "352"
    }, {
        "name": "Liberia",
        "phoneCode": "231"
    }, {
        "name": "Lesotho",
        "phoneCode": "266"
    }, {
        "name": "Thailand",
        "phoneCode": "66"
    }, {
        "name": "French Southern Territories",
        "phoneCode": ""
    }, {
        "name": "Togo",
        "phoneCode": "228"
    }, {
        "name": "Chad",
        "phoneCode": "235"
    }, {
        "name": "Turks and Caicos Islands",
        "phoneCode": "+1-649"
    }, {
        "name": "Libya",
        "phoneCode": "218"
    }, {
        "name": "Vatican",
        "phoneCode": "379"
    }, {
        "name": "Saint Vincent and the Grenadines",
        "phoneCode": "+1-784"
    }, {
        "name": "United Arab Emirates",
        "phoneCode": "971"
    }, {
        "name": "Andorra",
        "phoneCode": "376"
    }, {
        "name": "Antigua and Barbuda",
        "phoneCode": "+1-268"
    }, {
        "name": "Afghanistan",
        "phoneCode": "93"
    }, {
        "name": "Anguilla",
        "phoneCode": "+1-264"
    }, {
        "name": "U.S. Virgin Islands",
        "phoneCode": "+1-340"
    }, {
        "name": "Iceland",
        "phoneCode": "354"
    }, {
        "name": "Iran",
        "phoneCode": "98"
    }, {
        "name": "Armenia",
        "phoneCode": "374"
    }, {
        "name": "Albania",
        "phoneCode": "355"
    }, {
        "name": "Angola",
        "phoneCode": "244"
    }, {
        "name": "Antarctica",
        "phoneCode": ""
    }, {
        "name": "American Samoa",
        "phoneCode": "+1-684"
    }, {
        "name": "Argentina",
        "phoneCode": "54"
    }, {
        "name": "Australia",
        "phoneCode": "61"
    }, {
        "name": "Austria",
        "phoneCode": "43"
    }, {
        "name": "Aruba",
        "phoneCode": "297"
    }, {
        "name": "India",
        "phoneCode": "91"
    }, {
        "name": "Aland Islands",
        "phoneCode": "+358-18"
    }, {
        "name": "Azerbaijan",
        "phoneCode": "994"
    }, {
        "name": "Ireland",
        "phoneCode": "353"
    }, {
        "name": "Indonesia",
        "phoneCode": "62"
    }, {
        "name": "Ukraine",
        "phoneCode": "380"
    }, {
        "name": "Qatar",
        "phoneCode": "974"
    }, {
        "name": "Mozambique",
        "phoneCode": "258"
    }]
}